Name;Date;Close/Last;Volume;Open;High;Low
BRK.B;11/29/2023;358,69;3141450;360,95;361,52;358,3
BRK.B;11/15/2023;356,79;3577350;355,02;357,31;354,48
BRK.B;08/22/2023;350,57;2366926;353,01;353,49;349,66
BRK.B;11/09/2023;348,18;3054272;347,64;350,11;346,88
BRK.B;11/08/2023;346,3;2604356;346,85;348;344,68
BRK.B;06/20/2023;338,67;3752659;338,15;339,28;336,62
BRK.B;05/02/2023;325,86;3369713;330,15;330,25;322,76
BRK.B;05/10/2023;322,99;2641134;326,08;326,16;320,15
BRK.B;03/08/2023;311,37;2706760;310,72;312,67;309,25
BRK.B;01/23/2023;310,42;3088133;309,63;312,73;306,85
BRK.B;12/30/2022;308,9;3298865;306,95;309,04;305,62
BRK.B;03/31/2023;308,77;5022204;305,9;308,81;304,98
BRK.B;01/20/2023;309,87;3772210;305,21;310,01;304,36
BRK.B;03/09/2023;304,82;3934324;311;313,18;303,93
BRK.B;03/30/2023;305,08;2694985;307,09;307,47;302,57
BRK.B;03/28/2023;302,32;2437683;301,93;302,72;300,59
BRK.B;12/22/2022;302,69;3560763;306,1;306,5;297,63
BRK.B;03/24/2023;298,92;3905988;294,68;299,5;293,39
BRK.B;09/18/2023;370,43;3131548;369,33;371,33;367,78
BRK.B;09/06/2023;361,67;2656676;360,02;362,8;359,25
BRK.B;08/03/2023;353,81;2943675;350,29;354,47;349,41
BRK.B;11/07/2023;346,17;3063822;346,81;346,95;344,29
BRK.B;07/11/2023;343,37;2755374;341,23;343,84;340,92
BRK.B;07/07/2023;340,9;2942066;340,52;344,07;340,38
BRK.B;07/10/2023;341,13;2966941;340,48;343,48;339,86
BRK.B;06/09/2023;335,29;2619487;335,76;337,59;334,91
BRK.B;10/30/2023;337,41;2635839;332,96;338,36;332,17
BRK.B;04/18/2023;324,63;3582623;324,95;325,72;322,49
BRK.B;05/16/2023;323,75;2139996;322,46;324,69;322,35
BRK.B;04/20/2023;323,82;2429179;322,2;324,36;321,32
BRK.B;05/11/2023;322,64;2549339;320,99;322,96;319,8
BRK.B;05/26/2023;320,6;3229873;320,44;322,63;319,66
BRK.B;04/10/2023;312,62;2331743;311,41;313,7;310,33
BRK.B;02/03/2023;308,51;5387548;311;311,55;305,92
BRK.B;12/29/2022;309,06;2848063;305,94;309,38;305,23
BRK.B;03/02/2023;307,75;3153781;303,66;308,1;301,44
BRK.B;12/23/2022;306,49;2460858;302,88;306,57;300,92
BRK.B;12/15/2022;301,91;5107189;306,43;306,96;299,44
BRK.B;09/19/2023;370,48;2606955;371,64;373,34;368,46
BRK.B;09/14/2023;369,5;3677865;370,1;370,22;368,26
BRK.B;09/15/2023;367,86;11615120;368,52;370,2;367,52
BRK.B;09/20/2023;366,82;2272080;371,33;371,34;366,73
BRK.B;09/13/2023;367,82;3265928;369,33;370,84;365,97
BRK.B;09/12/2023;367,78;2901774;365,65;370,43;365,47
BRK.B;09/11/2023;365,52;2926680;364,87;366,61;364,51
BRK.B;09/21/2023;363,28;3179013;366,56;367,2;362,94
BRK.B;09/08/2023;363,15;3022938;362,52;364,83;361,77
BRK.B;11/24/2023;362,68;1281978;362,51;363,19;361,24
BRK.B;09/07/2023;361,8;3264576;360,96;363,3;360,87
BRK.B;09/01/2023;362,46;2638297;362;363,39;360,6
BRK.B;11/21/2023;361;2919342;360,58;363,03;360,25
BRK.B;11/22/2023;361,8;2110602;361,76;362,46;360,05
BRK.B;09/05/2023;360,47;2977246;363,88;366,47;360
BRK.B;09/22/2023;360,16;3970107;362,78;363,42;359,76
BRK.B;11/27/2023;361,34;2583674;362,64;362,64;359,58
BRK.B;08/31/2023;360,2;2845092;362,18;362,47;359,25
BRK.B;11/28/2023;360,05;2958540;361,55;362,12;359,21
BRK.B;08/08/2023;363,73;3430319;359,42;364,25;358,85
BRK.B;08/30/2023;361,06;3063438;358,63;362,68;358,6
BRK.B;11/30/2023;360;4607404;359,45;360,43;358,42
BRK.B;11/20/2023;361,33;3219051;359,35;362,61;358,18
BRK.B;11/17/2023;358,93;3260955;360,47;360,56;358,07
BRK.B;09/26/2023;359,42;3070751;359,8;360,79;357,95
BRK.B;09/25/2023;361,71;2561880;359,01;361,89;357,27
BRK.B;11/16/2023;359,86;2830358;357,79;360;357,23
BRK.B;08/14/2023;358,48;1991973;358,25;358,95;356,81
BRK.B;09/28/2023;357,06;2734400;357,8;359,47;356,67
BRK.B;08/09/2023;358,02;4425837;364,2;364,43;356,06
BRK.B;08/10/2023;356,98;3099505;359,36;362,35;355,92
BRK.B;12/01/2023;357,07;4706958;359,94;360,24;355,3
BRK.B;08/07/2023;362,58;5385741;355,73;364,63;355,15
BRK.B;08/28/2023;355,55;1729035;357,89;358,41;354,53
BRK.B;09/27/2023;357,78;3537042;360,01;360,52;354,27
BRK.B;08/24/2023;354,3;2526601;354,35;357,22;354,13
BRK.B;08/29/2023;358,29;2286942;355,04;358,59;354,01
BRK.B;12/04/2023;356,66;3054245;355,91;357,83;353,79
BRK.B;08/15/2023;354,5;2866087;357;357,92;353,67
BRK.B;08/16/2023;354,11;2196921;354,6;358,72;353,38
BRK.B;08/11/2023;358,35;2476339;356,26;359,25;353,2
BRK.B;08/25/2023;355,93;2137549;354,99;357,35;352,92
BRK.B;12/05/2023;355,03;3281046;355,23;356,6;352,29
BRK.B;12/06/2023;352,38;3040448;356,15;357,45;351,89
BRK.B;08/17/2023;353,19;2851173;354,01;356,3;351,88
BRK.B;08/23/2023;354,26;2241066;351,63;354,32;351,54
BRK.B;11/14/2023;354,25;3388316;352,52;355,95;351,25
BRK.B;08/18/2023;352,56;2870910;351,47;354,3;351,25
BRK.B;08/01/2023;352,26;2296703;352,03;353,42;351,25
BRK.B;12/08/2023;353,08;3289270;353;353,67;351,02
BRK.B;12/07/2023;352,7;2833348;352;353,02;350,85
BRK.B;07/31/2023;351,96;2622162;350,73;352,33;350,21
BRK.B;11/03/2023;351,81;4410901;350,17;354,35;349,79
BRK.B;08/02/2023;351,19;3088573;351,45;352,88;349,69
BRK.B;08/21/2023;352,09;2543100;354,09;354,18;349,61
BRK.B;08/04/2023;349,99;2843922;353,99;355,11;349,39
BRK.B;11/13/2023;350,01;2196921;350,09;350,64;348,81
BRK.B;07/27/2023;349,31;2712061;350,69;351,27;348,6
BRK.B;11/10/2023;350,56;3702339;349,6;351,2;348,6
BRK.B;09/29/2023;350,3;4935674;357,3;357,5;348,55
BRK.B;07/28/2023;349,81;2473823;349,93;351;348,32
BRK.B;07/26/2023;349,8;2684530;347,56;351,09;347,52
BRK.B;07/24/2023;349,63;3270037;346,77;351,19;346,28
BRK.B;10/16/2023;346,23;3120530;348;349,94;345,83
BRK.B;07/25/2023;347,58;3016291;349,32;349,66;345,54
BRK.B;10/10/2023;348,56;2859909;347;349,51;345,5
BRK.B;10/02/2023;348,08;3529125;349,64;350;345,41
BRK.B;07/21/2023;345,76;3302140;346,75;347,62;345,1
BRK.B;10/11/2023;348,43;2621414;349,38;349,6;344,92
BRK.B;11/02/2023;349,02;3437737;346,39;349,38;344,5
BRK.B;07/12/2023;345,35;2899407;345,29;346,44;344,31
BRK.B;10/17/2023;345,39;2999308;346,18;348,4;344,15
BRK.B;11/06/2023;346,63;5489338;354,03;354,03;344,06
BRK.B;10/13/2023;345,09;2805970;346;348,44;343,88
BRK.B;07/18/2023;345,34;2569008;344,05;347,25;343,54
BRK.B;07/13/2023;343,54;2833854;345,6;346,2;343,45
BRK.B;10/12/2023;345,66;2678343;348,21;348,66;343,02
BRK.B;07/20/2023;346,61;3147635;343,09;346,79;342,85
BRK.B;10/09/2023;345,45;2763106;344,24;345,9;342,83
BRK.B;10/05/2023;345,06;3029114;343,7;345,94;342,37
BRK.B;10/03/2023;343,04;3153221;347,39;348,24;342,13
BRK.B;07/19/2023;342,43;3037697;344,21;345,38;341,99
BRK.B;10/06/2023;346,34;3176158;344,1;348,76;341,86
BRK.B;07/17/2023;344,25;2361019;341,09;345,72;341,09
BRK.B;11/01/2023;343,75;2790593;341,21;345,33;340,58
BRK.B;07/14/2023;341,09;2675172;344,99;345;340,51
BRK.B;10/18/2023;340,89;2978004;344,72;344,83;339,96
BRK.B;10/04/2023;343,69;3245444;342,92;344,01;339,51
BRK.B;07/06/2023;341,46;2550399;339,75;341,8;338,91
BRK.B;07/05/2023;341,56;2875644;340,05;341,89;338,7
BRK.B;10/19/2023;338,66;2745685;340,31;342,69;338,45
BRK.B;07/03/2023;342;2047440;340,75;342,08;338,41
BRK.B;06/30/2023;341;4522066;338,78;342,5;338,4
BRK.B;10/24/2023;338,63;2356386;338,18;339,85;337,77
BRK.B;06/16/2023;338,31;8487204;341,02;341,3;337,66
BRK.B;10/31/2023;341,33;3067894;337,95;341,49;337,5
BRK.B;10/25/2023;336,9;2624711;338,59;339,62;336,55
BRK.B;06/21/2023;338,61;4507761;337,3;341,35;336,37
BRK.B;06/22/2023;336,96;3304552;338,84;338,85;335,66
BRK.B;06/15/2023;339,82;4116957;335,97;341,68;335,54
BRK.B;10/26/2023;336,16;2687088;337,07;338,31;335,46
BRK.B;06/27/2023;335,34;2626698;334,39;336,73;334,37
BRK.B;10/20/2023;335,86;3472804;338,15;340;334,35
BRK.B;06/23/2023;335,25;4453846;335,1;337,47;334,19
BRK.B;06/29/2023;336,91;2499138;334,26;337,01;334,14
BRK.B;06/08/2023;335,95;2759715;335,49;336,32;334,1
BRK.B;06/14/2023;335,9;5167308;337,22;340,38;334,09
BRK.B;10/23/2023;336,84;2795170;334,07;338,88;333,49
BRK.B;06/28/2023;334,15;3216531;336,05;336,4;332,61
BRK.B;06/12/2023;333,6;2874530;335,16;335,34;332,22
BRK.B;06/13/2023;336,39;2953682;333,22;336,62;332,2
BRK.B;06/26/2023;334,12;3221884;335,17;335,82;331,84
BRK.B;06/07/2023;335,42;3730381;334,01;335,82;331,43
BRK.B;10/27/2023;331,71;3609115;336,12;336,19;330,58
BRK.B;05/19/2023;330,39;4323538;331;333,94;329,12
BRK.B;06/06/2023;333,41;3183994;329,04;334,16;328,68
BRK.B;05/01/2023;330,17;2465391;329,16;331,84;328,57
BRK.B;05/22/2023;329,13;2763422;330,75;331,49;328,35
BRK.B;06/05/2023;328,58;3092174;330,89;329,59;327,57
BRK.B;05/18/2023;329,76;2808329;326,87;329,98;325,85
BRK.B;05/08/2023;326,14;3303393;328,26;330,69;325,79
BRK.B;04/28/2023;328,55;2912387;325,44;328,81;325,19
BRK.B;05/17/2023;327,39;3047626;325,02;328,26;324,82
BRK.B;06/02/2023;329,48;3962988;325,16;330,67;324,42
BRK.B;04/24/2023;326,05;2262391;324,43;326,39;324,3
BRK.B;04/25/2023;324,34;2554381;325,99;327,1;324,11
BRK.B;05/09/2023;324,87;2285924;324,87;326,88;323,48
BRK.B;05/03/2023;323,22;2660456;327,13;328,07;323,06
BRK.B;05/23/2023;323,11;4031342;328,19;329,27;322,97
BRK.B;04/19/2023;323,09;2410917;323,85;324,55;322,76
BRK.B;05/05/2023;323,88;3876299;323,36;325,16;322,62
BRK.B;04/27/2023;326,23;2951130;322,86;326,91;322,11
BRK.B;04/21/2023;324,33;2405869;322,36;324,85;321,61
BRK.B;05/12/2023;322,49;1938264;323,82;324,24;320,54
BRK.B;05/15/2023;323,53;2191609;322,89;323,83;320,13
BRK.B;05/24/2023;320,2;3075393;322,71;323;319,56
BRK.B;06/01/2023;323,12;3377699;321,42;323,22;319,53
BRK.B;05/31/2023;321,08;6175417;321,12;322,41;319,39
BRK.B;04/17/2023;323,79;3426342;320,2;323,98;319
BRK.B;04/26/2023;320,53;2721238;323,31;323,74;319
BRK.B;05/30/2023;322,19;3232461;321,86;322,47;319
BRK.B;04/14/2023;319,74;2976417;318,89;321,88;318,12
BRK.B;01/12/2023;318,93;3075151;321,15;321,32;317,72
BRK.B;05/25/2023;319,02;4251935;320,56;320,56;317,71
BRK.B;05/04/2023;320;3194768;323,44;325,99;317,41
BRK.B;01/11/2023;320,37;3001242;318,52;320,57;316,6
BRK.B;01/13/2023;317,64;2773650;317,49;318,42;315,79
BRK.B;01/09/2023;315,53;4399047;319,02;320,5;314,75
BRK.B;01/17/2023;314,86;3479442;318,4;318,52;314,25
BRK.B;04/12/2023;314,55;2663461;315,97;316,92;313,72
BRK.B;01/06/2023;318,69;3648810;315;320,16;313,38
BRK.B;01/10/2023;316,35;3050322;315;316,8;313,34
BRK.B;04/13/2023;318,05;3325989;315,27;318,81;313,26
BRK.B;03/06/2023;316,97;4892345;312,82;317,29;312,43
BRK.B;04/11/2023;313,7;3109850;312,56;315,94;311,77
BRK.B;01/04/2023;314,55;5122121;312;316,89;311,25
BRK.B;12/13/2022;312,33;5043156;318,4;318,91;310,82
BRK.B;03/07/2023;311,12;3610304;316,39;316,5;310,23
BRK.B;01/05/2023;312,9;3418149;313,57;314,23;310
BRK.B;02/13/2023;313,74;3261952;310,3;313,74;309,62
BRK.B;01/26/2023;310,95;2858754;312,99;313,68;309,58
BRK.B;04/06/2023;312,51;3132148;309,82;313,22;309,05
BRK.B;02/14/2023;310,79;2908849;313,78;314,1;309,04
BRK.B;03/03/2023;312,45;4493702;309,56;312,66;308,5
BRK.B;12/14/2022;309,29;4057911;312,74;316,35;308,4
BRK.B;01/27/2023;309,17;3034223;309,79;311,73;308,34
BRK.B;02/02/2023;311,86;4430266;312,35;312,6;308,3
BRK.B;02/15/2023;309,63;2411819;309,98;310,37;308,28
BRK.B;04/03/2023;310,31;4863537;309,25;311,5;308,24
BRK.B;02/08/2023;308,48;3370587;311,12;313,41;308,01
BRK.B;04/05/2023;310,39;2314853;307,85;311,07;307,85
BRK.B;01/18/2023;308,3;3408726;315;315,54;307,75
BRK.B;01/25/2023;311,9;2300785;308,33;312,55;307,71
BRK.B;01/24/2023;311,3;2234333;309,3;312,83;307,5
BRK.B;01/03/2023;309,91;3551418;310,07;312,38;307,38
BRK.B;04/04/2023;309,07;2740754;310,76;311;307,07
BRK.B;02/09/2023;307,21;3462603;310,17;311,42;306,99
BRK.B;02/16/2023;308,18;2803844;307,58;310,2;306,87
BRK.B;01/30/2023;307,33;3475781;307,6;309,51;306,81
BRK.B;02/07/2023;312,97;3788007;307,3;314,15;306,63
BRK.B;02/01/2023;310,57;3520304;309,63;312,67;306,38
BRK.B;01/31/2023;311,52;3655334;307,74;311,86;305,79
BRK.B;02/06/2023;308,43;2980217;308,25;308,8;305,6
BRK.B;02/17/2023;308,24;2721407;307,15;308,41;305,48
BRK.B;12/12/2022;311,45;4367987;307,55;311,91;305,46
BRK.B;02/10/2023;309,89;2811155;307,08;309,98;305,28
BRK.B;12/27/2022;305,55;2731731;306,45;308,57;304,65
BRK.B;12/21/2022;307,82;3265614;304,38;308,54;304,16
BRK.B;01/19/2023;305,23;3615144;306,12;307,23;303,86
BRK.B;02/28/2023;305,18;4737739;304,89;306,15;303,41
BRK.B;03/29/2023;305,3;2651414;304,8;305,38;303,36
BRK.B;12/28/2022;303,43;2628685;304,77;3074,6;303,26
BRK.B;03/21/2023;303,85;4725100;304,56;305,63;302,25
BRK.B;03/01/2023;304,62;3400537;304,02;305,62;302,08
BRK.B;02/27/2023;304,66;3652907;304,37;305,78;302,01
BRK.B;03/10/2023;303,63;5297790;302,95;306,72;301,92
BRK.B;02/22/2023;303,16;2900326;303,2;305,27;301,77
BRK.B;03/14/2023;305,33;5255174;306,92;307,55;301,68
BRK.B;03/13/2023;302,88;4993820;301,75;306,59;300,76
BRK.B;02/21/2023;302,72;4131732;306,17;307,3;300,5
BRK.B;02/23/2023;303,07;2739656;305,01;305,56;300,25
BRK.B;02/24/2023;304,02;3659339;300,4;305,62;300,01
BRK.B;03/22/2023;299,73;3089313;303,72;307,05;299,65
BRK.B;03/27/2023;302,14;3835260;300,88;303,21;298,97
BRK.B;12/16/2022;300;8308365;299,05;302,47;297,76
BRK.B;12/19/2022;300,03;3842880;300,51;301,48;297,15
BRK.B;12/20/2022;302;3091869;300,09;304,19;297
BRK.B;03/23/2023;298,37;4016197;301,39;302,07;296,3
BRK.B;03/16/2023;302,01;6327578;296,37;304,43;295,36
BRK.B;03/20/2023;301,06;6059923;295,57;301,51;295,06
BRK.B;03/15/2023;297,88;7165298;300,02;300,55;294,9
BRK.B;03/17/2023;293,51;15611270;301,3;301,3;292,42
DIS;02/09/2023;110,36;46137150;118,04;118,18;109,8
DIS;02/02/2023;113,21;13093210;110,67;113,53;109,69
DIS;01/26/2023;109,7;9204417;108,17;109,76;107,57
DIS;02/14/2023;107,66;10768100;106,82;108,44;105,82
DIS;01/23/2023;105,69;11479080;103,29;105,95;102,92
DIS;01/20/2023;103,48;14549880;100,34;103,58;99,3
DIS;01/18/2023;99,04;11384540;100,28;101,12;98,72
DIS;01/12/2023;99,81;19764320;98,5;100,63;97,57
DIS;01/06/2023;93,92;9828145;92,66;94,69;91,32
DIS;07/13/2023;90,47;15325520;90,55;90,81;89,08
DIS;07/14/2023;88,62;17769990;90,41;90,49;88,42
DIS;11/13/2023;89,44;12834440;88,42;89,9;87,4
DIS;07/24/2023;86,6;13911900;87,49;87,96;86,55
DIS;08/21/2023;85,88;11214990;85,81;86,25;85,4
DIS;10/13/2023;84,35;10813090;83,94;84,58;83,38
DIS;09/25/2023;81,01;11034440;81,56;81,77;80,56
DIS;09/28/2023;80,13;12229820;80,28;80,92;79,65
DIS;10/04/2023;79,32;12010510;79,61;79,79;78,73
DIS;05/01/2023;102,21;6909535;102,4;102,6;10,16
DIS;02/23/2023;101,73;10974750;101,45;102,04;99,6
DIS;04/18/2023;100,93;8180148;100,61;101,15;99,59
DIS;01/17/2023;99,91;14914200;100,32;100,99;98,99
DIS;04/05/2023;99,91;7747230;99,7;100,18;98,63
DIS;04/19/2023;98,75;11523310;99,78;99,83;98,35
DIS;04/20/2023;98,07;7762736;97,75;98,58;97,39
DIS;04/26/2023;96,61;8634531;97,84;98,48;96,45
DIS;01/11/2023;96,33;8757251;95,92;96,55;95,04
DIS;11/27/2023;95,17;11049470;95,74;95,74;94,51
DIS;11/28/2023;92,5;18660310;95;95,14;92,44
DIS;12/08/2023;92,82;9498155;92,05;93,54;92,05
DIS;05/19/2023;91,35;16429040;93;93;91,31
DIS;12/15/2022;90,49;15957670;92,47;93,12;90,11
DIS;12/05/2023;90,79;12356990;91,61;91,78;89,93
DIS;05/23/2023;89,82;14778700;91,1;92,03;89,8
DIS;06/30/2023;89,28;12837550;89,18;89,6;88,6
DIS;06/28/2023;88,83;12118270;89,39;89,4;88,52
DIS;07/10/2023;88,1;13642620;88,25;88,68;87,85
DIS;11/10/2023;88,27;25200000;90,13;90,16;86,93
DIS;08/23/2023;85,83;7575953;85,81;86,32;85,63
DIS;07/28/2023;86,13;13638330;85,86;86,58;85,44
DIS;12/30/2022;86,88;23230970;85,73;87,12;85,22
DIS;10/11/2023;84,85;9499170;85,37;85,72;84,25
DIS;09/05/2023;81,19;12741680;81,42;82,38;81,17
DIS;10/25/2023;80,59;9372522;82,13;82,55;80,51
DIS;09/27/2023;79,9;14662510;80,12;80,56;79,21
DIS;02/03/2023;110,71;12472480;111,47;113,14;110,37
DIS;02/08/2023;111,78;27719920;112,2;113,33;110,29
DIS;01/27/2023;109,54;10249680;109,26;110,58;109,16
DIS;02/07/2023;111,63;10843980;109,29;112,12;108,86
DIS;02/06/2023;109,87;11956540;110,17;110,43;108,53
DIS;01/30/2023;107,59;8548547;108,26;108,97;107,48
DIS;01/31/2023;108,49;8251663;107,58;108,71;107,45
DIS;02/10/2023;108,06;15565990;108,96;109,74;107,21
DIS;02/01/2023;109,39;9975481;108,5;109,94;106,9
DIS;02/15/2023;109,24;8163490;107,09;109,27;106,7
DIS;02/13/2023;107,66;12341480;108,1;108,28;106,55
DIS;02/16/2023;105,83;9479922;107,55;108,02;105,7
DIS;01/25/2023;108,12;10008040;104,96;108,16;104,18
DIS;02/17/2023;105,22;9492184;105,03;105,8;103,88
DIS;05/09/2023;102,18;6829880;102,91;102,98;102,09
DIS;01/24/2023;106;8606723;105,39;108,44;102
DIS;02/21/2023;102,09;10648210;103,55;103,73;101,83
DIS;05/08/2023;102,97;10810140;101,7;103,91;101,69
DIS;02/22/2023;101,68;9885101;101,33;102,56;101,09
DIS;05/03/2023;100,86;7772064;101,06;102,58;100,64
DIS;03/06/2023;100,66;6773261;101,61;102,69;100,49
DIS;04/11/2023;100,42;7504624;101,16;101,91;100,29
DIS;02/27/2023;100,45;6641212;100,73;101,47;100,06
DIS;05/10/2023;101,14;19525150;103;103,25;100,04
DIS;05/02/2023;100,6;6955902;101,33;101,69;99,62
DIS;02/28/2023;99,61;8233743;100,45;100,75;99,57
DIS;04/03/2023;99,76;7313201;100,21;100,43;99,27
DIS;04/17/2023;100,3;6705269;99,57;100,57;99,15
DIS;04/28/2023;102,5;11329690;99,37;102,56;99,08
DIS;02/24/2023;100,3;8523000;99,53;100,43;98,96
DIS;04/14/2023;99,9;7337250;100,5;100,86;98,93
DIS;04/10/2023;100,81;8016576;99,3;100,81;98,9
DIS;03/07/2023;99,06;6951340;100,4;100,94;98,89
DIS;03/03/2023;101,14;7434264;99,67;101,18;98,88
DIS;04/04/2023;99,57;6794168;100,3;100,42;98,76
DIS;04/24/2023;99,68;8540571;100,14;100,73;98,67
DIS;04/06/2023;99,97;7042486;99,44;100,32;98,55
DIS;04/13/2023;100,84;8744977;98,51;101,07;98,51
DIS;03/31/2023;100,13;8919965;98,89;100,2;98,5
DIS;03/08/2023;99,3;5668738;99;99,62;98,3
DIS;05/05/2023;100,52;9300109;98,59;100,84;98,11
DIS;03/01/2023;98,54;7898251;99,19;99,63;98,1
DIS;04/25/2023;98,01;6511394;99,37;99,71;98,01
DIS;01/13/2023;99,4;12230200;99,38;99,6;98,01
DIS;04/21/2023;99,57;9467979;98,16;99,72;97,72
DIS;04/12/2023;97,94;9289196;101,25;102,22;97,7
DIS;03/30/2023;98,1;7669482;98,73;98,92;97,67
DIS;03/02/2023;98,92;7783130;97,74;99,29;97,42
DIS;01/19/2023;99,08;10973550;98,12;99,45;97,12
DIS;04/27/2023;99,93;8166466;97,13;100,06;96,71
DIS;05/04/2023;97,45;13260720;99,54;99,54;96,61
DIS;03/09/2023;96,14;8275586;99,45;100,05;95,92
DIS;03/29/2023;96,87;5889123;96,08;96,91;95,35
DIS;03/21/2023;96,54;7285766;95,17;96,85;95,17
DIS;11/24/2023;96,06;5440468;94,9;96,51;94,9
DIS;03/22/2023;94,9;8811105;97,45;97,93;94,82
DIS;03/23/2023;95,83;9527009;95,28;97,02;94,76
DIS;11/22/2023;95,07;7330932;94,91;95,7;94,76
DIS;03/28/2023;94,82;5426053;95,51;96;94,59
DIS;03/27/2023;95,62;7487900;94,78;96,02;94,38
DIS;11/21/2023;94,45;7654843;94,73;94,96;93,96
DIS;11/17/2023;94,15;12201300;94,75;95,37;93,92
DIS;11/20/2023;95,03;14114770;93,98;95,58;93,87
DIS;01/10/2023;95,56;6914633;94,28;95,64;93,82
DIS;11/16/2023;94,51;12923920;93,89;94,61;93,63
DIS;12/13/2022;94,7;22882080;96,49;97,39;93,57
DIS;01/09/2023;94,77;11675840;94,43;95,7;93,45
DIS;06/13/2023;93,85;12964430;94,12;94,44;93,44
DIS;03/24/2023;94,08;9544154;94,81;95;93,02
DIS;03/20/2023;94,22;6657152;93,43;94,92;93
DIS;03/17/2023;93,2;12943190;94,05;94,27;92,91
DIS;03/10/2023;93,57;13978850;95,6;95,9;92,83
DIS;11/15/2023;93,93;20593050;92,99;94,56;92,74
DIS;12/14/2022;94,15;11505450;94,54;95,47;92,62
DIS;12/12/2022;94,66;14140680;93,73;94,66;92,61
DIS;05/18/2023;93,76;15014820;92,84;94,24;92,46
DIS;03/14/2023;93,36;10323630;94;94,3;92,34
DIS;11/30/2023;92,69;13396700;93,55;93,86;92,2
DIS;06/14/2023;92,45;15877380;94,26;94,52;91,92
DIS;03/16/2023;94,29;9946678;92,67;94,55;91,89
DIS;05/11/2023;92,31;57127240;94,8;95,11;91,88
DIS;06/07/2023;92,52;11082430;92,78;93,08;91,86
DIS;06/12/2023;93,14;12357610;92,25;93,22;91,77
DIS;12/01/2023;92,58;11898170;92,74;92,84;91,77
DIS;12/07/2023;92,35;10264680;91,8;93,39;91,65
DIS;06/15/2023;92,94;13354610;92,06;93,52;91,61
DIS;12/04/2023;92,01;12602810;91,9;92,41;91,61
DIS;06/09/2023;91,93;9634420;92,78;92,92;91,55
DIS;11/29/2023;92,5;13857040;92,6;93,24;91,44
DIS;03/15/2023;93,1;9543836;91,63;93,35;91,41
DIS;06/08/2023;92,53;9030165;92,52;92,68;91,3
DIS;05/12/2023;91,99;21837450;92,34;92,88;91,24
DIS;06/06/2023;92,16;12109080;91,1;92,51;91,02
DIS;06/16/2023;91,32;22683390;92,88;92,97;90,86
DIS;05/17/2023;92,77;12461590;91,02;93,05;90,85
DIS;05/16/2023;90,98;17013310;92,04;92,41;90,78
DIS;05/15/2023;92,86;16792050;91,54;92,87;90,7
DIS;12/06/2023;91,5;10462040;91,11;92,54;90,62
DIS;01/05/2023;91,92;11622620;91,66;92,48;90,51
DIS;03/13/2023;92,6;11915320;91,88;94,02;90,46
DIS;11/14/2023;91,07;13152030;90,03;91,54;89,99
DIS;05/22/2023;91,82;14150640;91,33;91,93;89,89
DIS;06/20/2023;89,75;14939190;90,29;90,78;89,74
DIS;06/02/2023;90,77;14350250;89,63;91,34;89,6
DIS;07/12/2023;90,15;14912080;90,11;90,7;89,57
DIS;06/05/2023;91;18506710;91,2;91,76;89,44
DIS;01/04/2023;91,98;14957210;90;92,74;89,36
DIS;07/05/2023;89,79;11028780;90,11;90,38;89,25
DIS;07/03/2023;90,5;7979547;89,11;90,95;88,91
DIS;08/11/2023;89,02;21998920;91,32;91,35;88,86
DIS;12/16/2022;90,08;26383880;90,19;91,08;88,81
DIS;06/27/2023;89,06;10032650;88,9;89,66;88,49
DIS;08/01/2023;89,03;13745080;89,12;89,73;88,46
DIS;05/24/2023;89,07;15350770;89,44;89,49;88,41
DIS;07/11/2023;89,49;13735510;88,19;89,59;88,15
DIS;06/22/2023;88,49;10915330;88,44;89,19;88,12
DIS;06/21/2023;88,64;17872960;89,55;89,67;88,11
DIS;05/26/2023;88,29;12892700;88,49;89,24;88,1
DIS;07/07/2023;88,64;9705123;88,31;89,73;88,08
DIS;08/14/2023;88,81;13676380;88,99;89,3;87,99
DIS;01/03/2023;88,97;14997140;88,98;89,97;87,83
DIS;05/25/2023;88,14;13605760;89,56;89,56;87,79
DIS;07/06/2023;88,74;12108530;88,67;88,83;87,78
DIS;06/26/2023;88,7;13132680;88,04;89,48;87,77
DIS;08/10/2023;91,76;56716750;89,97;92,53;87,75
DIS;06/23/2023;88,1;13538010;88,01;88,39;87,61
DIS;11/09/2023;90,34;51062700;87,84;91,21;87,6
DIS;06/29/2023;88,95;13402580;87,8;89,12;87,34
DIS;05/31/2023;87,96;11440580;87,58;88,17;87,15
DIS;06/01/2023;88,59;11993170;88,4;89,05;87,11
DIS;08/09/2023;87,49;32517920;89,2;89,56;87,04
DIS;05/30/2023;87,82;14800730;88,97;88,97;87,01
DIS;08/15/2023;87,06;13677870;87,99;88,23;86,89
DIS;07/31/2023;88,89;20837790;87;89,36;86,88
DIS;12/21/2022;86,92;11004830;87,19;88,09;86,48
DIS;08/02/2023;86,3;15162660;88,26;88,33;86,26
DIS;07/19/2023;87,04;17177010;86,2;87,89;86,19
DIS;08/08/2023;88,13;16767890;86,5;88,33;86,1
DIS;08/16/2023;86,35;12182720;86,54;87,06;86,08
DIS;07/20/2023;86,21;15277530;86,84;87,17;86,03
DIS;08/07/2023;86,83;10818370;86,66;87,23;85,99
DIS;12/27/2022;86,37;11561450;87,42;87,94;85,96
DIS;07/21/2023;87,18;19900960;86,29;87,9;85,88
DIS;08/17/2023;85,92;14206020;86,92;86,96;85,8
DIS;12/23/2022;88,01;11171610;86,06;88,07;85,77
DIS;12/20/2022;87,02;14918400;86,08;87,83;85,76
DIS;08/04/2023;86,3;11533910;85,94;87,1;85,45
DIS;08/03/2023;85,49;14194140;85,82;86,46;85,45
DIS;07/26/2023;85,86;14983700;85,67;86,27;85,45
DIS;12/19/2022;85,78;19225290;89,44;89,46;85,41
DIS;08/22/2023;85,79;9845852;85,71;86,09;85,37
DIS;08/18/2023;85,96;12364390;85,37;86,72;85,37
DIS;10/17/2023;86,2;9985651;85,34;86,28;85,31
DIS;07/18/2023;85,95;21915530;85,51;87,3;85,31
DIS;07/17/2023;85,56;34503440;88,42;88,49;85,3
DIS;07/27/2023;85,36;16691370;86,6;86,88;85,19
DIS;07/25/2023;85,63;15335410;85,73;86,31;85,16
DIS;09/18/2023;85,02;11894180;85,24;85,92;84,98
DIS;12/29/2022;87,18;13045070;85,25;88,24;84,97
DIS;12/22/2022;86,67;15487370;86,03;86,73;84,69
DIS;09/15/2023;85,58;21631240;85,22;86,19;84,61
DIS;10/18/2023;84,68;10047020;85,69;86,26;84,6
DIS;10/16/2023;85,71;10275140;84,31;85,92;84,31
DIS;11/03/2023;85,07;11331780;84,17;85,93;84,16
DIS;12/28/2022;84,17;12399510;86,08;86,69;84,07
DIS;11/08/2023;84,5;26942600;84,14;84,92;83,95
DIS;11/07/2023;84,59;10540200;84,15;84,68;83,95
DIS;10/10/2023;84,99;9450609;84,79;85,28;83,93
DIS;08/30/2023;84,28;11816640;84,4;84,68;83,83
DIS;08/29/2023;84,4;11210670;83,79;84,54;83,73
DIS;08/31/2023;83,68;10447960;84,46;84,61;83,64
DIS;11/06/2023;84,02;14160920;85,08;85,8;83,59
DIS;08/28/2023;84,16;12166440;83,83;84,68;83,53
DIS;10/12/2023;84,35;9554881;84,83;85,06;83,51
DIS;10/19/2023;83,25;14316810;85,26;85,27;83,17
DIS;10/09/2023;84,7;13604410;84,3;84,88;83,13
DIS;09/13/2023;83,48;9772692;83,35;84,04;83,12
DIS;09/14/2023;84,48;22371920;84;84,74;83,04
DIS;10/20/2023;82,65;10436990;82,9;83,44;82,61
DIS;09/12/2023;83,68;16594610;83,03;84,67;82,57
DIS;08/24/2023;82,47;27531020;85,51;85,95;82,46
DIS;08/25/2023;83,36;16050880;83,07;83,65;82,46
DIS;09/21/2023;82,73;14378030;82,06;83,67;81,92
DIS;11/02/2023;83,29;11518450;81,85;83,3;81,82
DIS;10/24/2023;82,56;11499470;83,41;84,19;81,74
DIS;09/19/2023;81,94;21478920;83,91;84,79;81,71
DIS;09/20/2023;82,56;12715170;82,03;83,2;81,64
DIS;09/22/2023;81,25;11495300;82,91;83,35;81,2
DIS;09/11/2023;82,52;26579060;81,94;83,85;81,17
DIS;10/23/2023;83,1;10772520;82,08;84,02;80,91
DIS;10/02/2023;81,67;9128074;80,92;81,77;80,79
DIS;09/01/2023;81,64;27701890;82,1;82,23;80,53
DIS;09/06/2023;80,98;15518540;80,79;82,09;80,53
DIS;10/06/2023;82,94;15391070;81,05;83,53;80,49
DIS;09/29/2023;81,05;11261370;80,66;81,33;80,41
DIS;10/31/2023;81,59;8672234;80,69;81,66;80,33
DIS;11/01/2023;81,07;9092974;81,53;81,58;80,18
DIS;09/08/2023;81,58;16233620;80,54;81,67;80,17
DIS;09/26/2023;80,05;14867860;80,5;80,73;79,79
DIS;09/07/2023;80,57;14767970;80,82;80,85;79,75
DIS;10/30/2023;80,68;10291180;79,72;80,93;79,53
DIS;10/03/2023;79,54;12586240;81,25;81,89;79,46
DIS;10/26/2023;79,78;11650990;80,08;80,61;79,42
DIS;10/27/2023;79,33;10300560;79,75;81,02;79,23
DIS;10/05/2023;80,81;15466570;79,1;80,94;78,88
GOOGL;11/28/2023;137,2;18730030;136,08;137,25;135,42
GOOGL;09/05/2023;135,77;19403110;135,44;136,42;134,58
GOOGL;08/18/2023;127,46;30504770;128,51;129,25;126,38
GOOGL;05/23/2023;122,56;34046250;124,16;124,62;122,21
GOOGL;10/27/2023;122,17;44566510;122,88;123,31;120,2
GOOGL;07/03/2023;119,9;14442850;119,24;120,19;118,81
GOOGL;07/12/2023;118,93;30404410;118,8;120,33;118,41
GOOGL;04/20/2023;105,29;27820790;103,91;106,25;103,86
GOOGL;03/27/2023;102,46;31120860;104,61;104,76;101,92
GOOGL;01/13/2023;92,12;26329210;90,85;92,19;90,12
GOOGL;12/20/2022;89,02;23453840;88,11;89,17;87,44
GOOGL;10/13/2023;137,36;23435600;139,38;140;136,61
GOOGL;09/11/2023;136,92;20763350;136,54;137,48;135,78
GOOGL;12/08/2023;134,99;32260110;134,2;136,4;134,02
GOOGL;09/06/2023;134,46;18684530;136,02;136,52;133,66
GOOGL;07/31/2023;132,72;28055530;132,73;133,52;131,77
GOOGL;12/01/2023;131,86;31442260;131,86;132,11;130,66
GOOGL;11/09/2023;130,24;23747770;131,96;132,55;130,06
GOOGL;12/06/2023;130,02;23576180;131,44;131,84;129,87
GOOGL;08/08/2023;131,4;23535180;130,62;131,51;129,54
GOOGL;08/16/2023;128,7;25216070;128,7;130,28;127,86
GOOGL;07/17/2023;124,65;25716220;125,94;127,09;124,19
GOOGL;11/01/2023;126,45;30082440;124,07;126,49;123,71
GOOGL;10/31/2023;124,08;26292340;125,06;125,37;122,68
GOOGL;06/29/2023;119,1;24090900;119,24;120,06;118,29
GOOGL;06/26/2023;118,34;33969900;120,76;122;118,26
GOOGL;07/10/2023;116,45;35315240;118,3;118,3;116,13
GOOGL;02/08/2023;99,37;94743520;102,05;103,14;98,03
GOOGL;01/30/2023;96,94;27226200;97,48;98,29;96,39
GOOGL;03/10/2023;90,63;35941050;92,17;92,79;90,39
GOOGL;02/27/2023;89,87;27502300;89,87;90,16;89,33
GOOGL;02/24/2023;89,13;36585090;89,44;89,89;88,57
GOOGL;01/04/2023;88,08;34854780;90,35;90,65;87,27
GOOGL;10/11/2023;140,55;25884300;138,58;141,11;138,58
GOOGL;10/12/2023;138,97;24765540;141,05;141,22;138,26
GOOGL;10/16/2023;139,09;28501870;138,17;139,63;137,99
GOOGL;11/22/2023;138,49;17820460;137,47;139,42;137,47
GOOGL;10/24/2023;138,81;44814320;137,83;139,35;137,42
GOOGL;10/18/2023;137,96;23375000;139,44;140,72;137,38
GOOGL;10/19/2023;137,75;26066010;138,5;139,66;137,38
GOOGL;10/10/2023;138,06;27786610;138,5;139,72;137,33
GOOGL;10/17/2023;139,72;23515780;138,63;139,9;137,18
GOOGL;09/19/2023;138,04;20353650;137,42;138,41;136,62
GOOGL;09/18/2023;138,21;21861350;136,61;139,16;136,61
GOOGL;09/15/2023;137,4;38919610;137,98;138,52;136,48
GOOGL;09/14/2023;138,1;24750970;137,6;138,69;136,24
GOOGL;11/27/2023;136,41;23436530;136,03;138,42;136
GOOGL;11/24/2023;136,69;12514320;138,03;138,13;135,99
GOOGL;11/21/2023;136,97;22635270;136,29;137,18;135,96
GOOGL;08/31/2023;136,17;30053800;136,01;138;135,79
GOOGL;10/09/2023;138,42;19278070;136,94;138,94;135,61
GOOGL;09/12/2023;135,34;18405510;136,26;136,87;135,19
GOOGL;10/20/2023;135,6;26335670;137,33;137,87;135,08
GOOGL;09/01/2023;135,66;21543690;137,45;137,45;134,85
GOOGL;09/08/2023;136,38;23584190;134,91;136,66;134,85
GOOGL;11/29/2023;134,99;23967220;137,57;138,28;134,84
GOOGL;12/07/2023;136,93;56767100;135,04;138,56;134,7
GOOGL;11/16/2023;136,93;28013180;135,19;137,21;134,32
GOOGL;09/13/2023;136,71;20749500;135,09;136,9;134,15
GOOGL;08/30/2023;135,88;28315770;134,78;136,27;134,07
GOOGL;10/06/2023;137,58;27597600;134,01;138,15;134,01
GOOGL;10/23/2023;136,5;26317930;135,04;137,65;133,95
GOOGL;11/17/2023;135,31;37287690;136;136,06;133,65
GOOGL;09/20/2023;133,74;29927480;138,08;138,08;133,62
GOOGL;11/20/2023;136,25;27850760;133,69;136,66;133,62
GOOGL;11/15/2023;134,62;23861520;134,87;135,03;133,57
GOOGL;10/05/2023;135,07;19832620;135,07;135,49;133,45
GOOGL;11/14/2023;133,62;32395180;134,19;135,7;133,32
GOOGL;09/07/2023;135,26;18844340;133,59;135,58;132,95
GOOGL;10/04/2023;135,24;26752300;132,79;135,57;132,53
GOOGL;08/29/2023;134,57;43075560;132,24;136,57;132,24
GOOGL;10/03/2023;132,43;22989400;133,94;134,26;131,84
GOOGL;11/30/2023;132,53;38988260;135,05;135,55;131,28
GOOGL;11/13/2023;132,09;18324750;131,78;132,59;131,25
GOOGL;10/02/2023;134,17;22288040;131,21;134,42;131,17
GOOGL;11/08/2023;131,84;26425850;130,97;132,21;130,78
GOOGL;08/01/2023;131,55;23276440;130,77;132,63;130,68
GOOGL;07/28/2023;132,58;36591160;130,78;133,74;130,57
GOOGL;09/29/2023;130,86;30859790;133,28;134,05;130,36
GOOGL;08/28/2023;131,01;20543270;131,31;132,54;130,14
GOOGL;09/21/2023;130,44;31503910;131,44;132,23;130,07
GOOGL;11/07/2023;130,97;29757280;130,71;131,91;129,88
GOOGL;08/23/2023;132,37;27819710;130,18;133,41;129,87
GOOGL;09/28/2023;132,31;22513130;129,84;133,3;129,79
GOOGL;09/22/2023;130,25;26397340;130,76;132,02;129,6
GOOGL;08/24/2023;129,78;28500690;133,95;134,25;129,57
GOOGL;08/10/2023;129,69;20857750;131,32;132,05;129,45
GOOGL;11/10/2023;132,59;26927830;130,1;132,8;129,41
GOOGL;08/17/2023;129,92;33446280;129,8;131,99;129,29
GOOGL;08/15/2023;129,78;19770730;131,1;131,42;129,28
GOOGL;08/07/2023;131,53;22746290;129,16;131,61;129,02
GOOGL;08/09/2023;129,66;24912920;131,66;132,04;129
GOOGL;08/14/2023;131,33;24695610;129,39;131,37;128,96
GOOGL;09/25/2023;131,11;20094640;129,83;131,17;128,96
GOOGL;07/27/2023;129,4;44952070;131,67;133,24;128,79
GOOGL;11/06/2023;130,25;19052740;129,05;130,34;128,67
GOOGL;09/27/2023;130,54;22746450;128,57;130,89;128,57
GOOGL;08/22/2023;129,08;22067520;128,51;130,27;128,32
GOOGL;07/26/2023;129,27;61682090;130,07;130,98;128,32
GOOGL;12/05/2023;130,99;27384780;128,95;132,14;128,25
GOOGL;08/11/2023;129,56;19591080;128,66;129,93;128,17
GOOGL;08/04/2023;128,11;26147160;129,28;131,51;127,91
GOOGL;12/04/2023;129,27;36669880;129,88;130,03;127,9
GOOGL;11/03/2023;129,1;26393110;128,02;129,52;127,86
GOOGL;08/02/2023;128,38;26273260;129,45;130,09;127,56
GOOGL;08/03/2023;128,45;20159530;127,97;129,38;127,42
GOOGL;08/25/2023;129,88;26762890;129,54;130,76;127,25
GOOGL;09/26/2023;128,56;25718700;129,77;130,36;127,22
GOOGL;11/02/2023;127,49;27124650;128,42;128,98;126,93
GOOGL;08/21/2023;128,37;25248730;127,17;128,72;126,56
GOOGL;06/06/2023;127,31;26638300;126,01;128,29;125,36
GOOGL;10/25/2023;125,61;84366210;128,16;128,31;125,07
GOOGL;06/05/2023;126,01;32305530;124,01;127,43;123,84
GOOGL;06/02/2023;124,67;26980150;123,99;126,15;123,76
GOOGL;07/14/2023;125,42;33283080;124,8;126,77;123,49
GOOGL;06/16/2023;123,53;45535550;125,93;126,1;123,28
GOOGL;06/13/2023;123,83;22278310;124,98;125,16;123,18
GOOGL;07/18/2023;123,76;26226450;124,6;124,68;122,96
GOOGL;10/30/2023;124,46;28940080;123,21;125,4;122,75
GOOGL;05/22/2023;125,05;35253030;122,94;126,43;122,74
GOOGL;06/01/2023;123,72;30772680;122,81;124,42;122,62
GOOGL;05/31/2023;122,87;37325790;122,75;124,06;122,5
GOOGL;05/26/2023;124,61;35635940;123,17;125,26;122,45
GOOGL;06/15/2023;125,09;35246270;123,14;125,46;122,4
GOOGL;05/19/2023;122,76;41353450;123,55;125,97;122,15
GOOGL;06/20/2023;123,1;26097490;122,93;124,57;122,14
GOOGL;06/07/2023;122,5;52538990;126,97;129,04;122,12
GOOGL;05/30/2023;123,67;35076660;125,64;125,66;122
GOOGL;05/25/2023;123,48;42316990;124,52;125,32;121,96
GOOGL;06/09/2023;122,23;23778320;122,25;123,75;121,91
GOOGL;07/19/2023;122,03;37224030;124,6;125,18;121,8
GOOGL;06/12/2023;123,64;28338740;122,78;124,05;121,66
GOOGL;06/14/2023;123,67;30592300;123,1;124,05;121,45
GOOGL;10/26/2023;122,28;57061140;123,27;124,32;121,27
GOOGL;06/08/2023;122,14;29389170;122,22;123,22;121,24
GOOGL;06/23/2023;122,34;34913640;121,38;122,78;121,06
GOOGL;07/25/2023;122,21;52509550;121,36;123,14;121,02
GOOGL;07/24/2023;121,53;29723670;121,66;123;120,98
GOOGL;05/18/2023;122,83;35234230;120,95;123,31;120,83
GOOGL;07/13/2023;124,54;44297920;120,93;124,83;120,45
GOOGL;06/21/2023;120,55;30306340;122,4;122,66;120,1
GOOGL;05/24/2023;120,9;34182640;121,12;121,91;119,86
GOOGL;06/30/2023;119,7;29532240;120,17;121,08;119,69
GOOGL;07/07/2023;119,48;21709550;120,1;121,05;119,4
GOOGL;07/05/2023;121,75;27584810;119,24;122,61;119,23
GOOGL;05/17/2023;120,84;33323590;119,61;121,67;118,89
GOOGL;06/22/2023;123,15;26952250;120;123,24;118,83
GOOGL;07/21/2023;120,02;71606470;120,62;120,99;118,73
GOOGL;07/06/2023;120,11;24778800;119,79;120,3;118,4
GOOGL;07/20/2023;119,2;37906760;121,42;124,09;118,22
GOOGL;06/28/2023;120,18;27091450;117,09;120,39;116,85
GOOGL;05/16/2023;119,51;45035560;116,49;120,75;116,43
GOOGL;05/12/2023;117,51;41102330;116,68;118,03;116,11
GOOGL;06/27/2023;118,33;39535940;117,08;119,08;116,1
GOOGL;05/15/2023;116,51;36266770;116,11;118,48;116,01
GOOGL;07/11/2023;117,14;23078780;116,29;117,71;115,35
GOOGL;05/11/2023;116,57;78900030;115,39;117,92;114,41
GOOGL;05/10/2023;111,75;63153370;107,97;112,94;107,93
GOOGL;05/09/2023;107,35;36360140;108,39;110,15;107,19
GOOGL;04/14/2023;108,87;26578000;106,89;108,94;106,84
GOOGL;05/01/2023;107,2;26681680;106,84;107,99;106,82
GOOGL;04/13/2023;107,43;24843580;105,84;107,49;105,84
GOOGL;02/02/2023;107,74;69883760;105,8;107,85;105,61
GOOGL;05/08/2023;107,77;26511450;105,18;107,96;105,16
GOOGL;04/10/2023;106,44;27067360;106,98;107,59;105,12
GOOGL;04/28/2023;107,34;36139850;107,04;107,35;105,09
GOOGL;05/03/2023;105,41;21795410;105,53;107,49;104,96
GOOGL;04/21/2023;105,41;25800080;105,47;106;104,78
GOOGL;04/24/2023;105,97;23542830;105,49;106,63;104,7
GOOGL;04/11/2023;105,35;26311800;106,55;106,73;104,68
GOOGL;04/17/2023;105,97;37571220;104,65;106,16;104,52
GOOGL;03/23/2023;105,6;40797770;105,06;106,3;104,46
GOOGL;04/12/2023;104,64;24370270;106,58;106,75;104,34
GOOGL;04/06/2023;108,42;48711480;105,26;109,17;104,33
GOOGL;05/05/2023;105,57;26639250;104,82;105,88;104,11
GOOGL;04/18/2023;104,5;26596450;106,49;106,54;104,07
GOOGL;04/04/2023;104,72;24420080;104,33;105,58;104,04
GOOGL;05/04/2023;104,69;23419510;105,48;105,6;103,97
GOOGL;04/25/2023;103,85;46664100;105,82;106,69;103,84
GOOGL;03/24/2023;105,44;30411040;104,99;105,49;103,84
GOOGL;05/02/2023;105,32;30997250;107,14;107,2;103,71
GOOGL;04/05/2023;104,47;28290500;105,78;106,1;103,66
GOOGL;04/27/2023;107,59;50089190;104,45;108,37;103,54
GOOGL;03/22/2023;103,37;43427420;104,27;106,59;103,33
GOOGL;02/07/2023;107,64;49010230;103,22;108,18;103,12
GOOGL;04/19/2023;104,18;20905680;103,58;104,98;103,07
GOOGL;04/26/2023;103,71;53347560;104,92;106,35;102,63
GOOGL;02/03/2023;104,78;65309260;102,93;107,81;102,58
GOOGL;04/03/2023;104,36;25035400;102,39;104,53;101,93
GOOGL;02/06/2023;102,9;31999560;102,4;104,36;101,88
GOOGL;03/21/2023;104,92;42110280;101,25;105,1;101,22
GOOGL;03/31/2023;103,73;36863370;101,3;103,89;101,04
GOOGL;03/29/2023;101,39;28779570;102,28;102,49;100,65
GOOGL;03/17/2023;101,62;61028550;100,26;102,83;100,1
GOOGL;03/20/2023;101,22;32960440;100,12;101,75;99,87
GOOGL;03/30/2023;100,89;33086180;100,91;101,15;99,78
GOOGL;03/28/2023;101,03;32057870;102,44;102,45;99,74
GOOGL;02/01/2023;100,43;35531100;98,71;101,19;97,58
GOOGL;01/23/2023;99,79;40005060;97,95;100,04;97,5
GOOGL;01/27/2023;99,37;33879750;97,31;100,32;97,31
GOOGL;01/24/2023;97,7;33078510;98,1;99,61;97,2
GOOGL;01/31/2023;98,84;29870670;96,87;98,88;96,82
GOOGL;03/16/2023;100,32;65567660;96,2;101,19;95,5
GOOGL;01/26/2023;97,52;30113970;96,5;97,57;95,38
GOOGL;12/13/2022;95,63;40593660;97,76;99,53;95,03
GOOGL;01/20/2023;98,02;63191080;95,1;98,3;95,02
GOOGL;02/16/2023;95,51;42462620;95,37;97,68;94,74
GOOGL;02/10/2023;94,57;54980700;95,45;96,75;94,25
GOOGL;02/15/2023;96,94;50298480;94,49;97,12;94,15
GOOGL;03/08/2023;94,25;34103270;94,12;95,95;94
GOOGL;03/06/2023;95,13;32639310;94,01;95,97;94
GOOGL;02/13/2023;94,61;50076120;94,74;95,2;93,84
GOOGL;01/25/2023;95,22;42329950;95,57;96,16;93,76
GOOGL;02/09/2023;95,01;119455000;100;100,03;93,63
GOOGL;12/14/2022;95,07;28733600;95,2;96,87;93,6
GOOGL;03/07/2023;93,86;27835480;94,98;95,67;93,53
GOOGL;02/17/2023;94,35;34284120;94,85;95,55;93,21
GOOGL;03/15/2023;96,11;50622050;93,22;96,93;92,64
GOOGL;03/03/2023;93,65;35160110;92,48;93,73;92,45
GOOGL;03/14/2023;93,97;36050210;92,56;94,36;92,44
GOOGL;02/14/2023;94,68;54726120;94,43;94,84;92,26
GOOGL;03/09/2023;92,32;28813530;94,05;95,53;91,9
GOOGL;02/21/2023;91,79;33629260;93;93,1;91,72
GOOGL;12/12/2022;93,31;29009010;92,71;93,56;91,61
GOOGL;01/18/2023;91,12;29116690;92,14;92,79;90,64
GOOGL;01/19/2023;93,05;37000400;90,72;93,6;90,63
GOOGL;02/22/2023;91,65;30884020;91,7;92,11;90,61
GOOGL;01/17/2023;91,29;32602420;92,06;92,25;90,05
GOOGL;12/15/2022;90,86;40107030;93,13;93,64;90,01
GOOGL;02/23/2023;90,89;41206380;91,92;91,94;89,76
GOOGL;01/12/2023;91,13;30258140;91,48;91,87;89,75
GOOGL;03/01/2023;90,36;31111230;89,98;91,03;89,67
GOOGL;03/02/2023;92;32226230;89,66;92,27;89,59
GOOGL;12/16/2022;90,26;58011850;90,76;91,33;89,52
GOOGL;03/13/2023;91,11;37335570;90,09;92,57;89,42
GOOGL;02/28/2023;90,06;30142040;89,33;91,23;89,32
GOOGL;01/11/2023;91,52;26861970;89,18;91,6;89,01
GOOGL;01/03/2023;89,12;28131220;89,58;91,05;88,52
GOOGL;12/21/2022;89,58;24745640;89,08;90,22;88,32
GOOGL;12/19/2022;88,44;29493030;90,25;90,56;88,21
GOOGL;01/09/2023;88,02;29003900;88,36;90,05;87,86
GOOGL;12/23/2022;89,23;23003040;87,11;89,54;87,07
GOOGL;12/27/2022;87,39;20097350;88,79;88,94;87,01
GOOGL;12/29/2022;88,45;23333540;86,62;88,84;86,61
GOOGL;12/30/2022;88,23;23986300;86,98;88,3;86,57
GOOGL;12/22/2022;87,76;27658290;88,16;88,54;86,32
GOOGL;12/28/2022;86,02;19523180;86,98;88,04;85,94
GOOGL;01/05/2023;86,2;27194380;87,47;87,57;85,9
GOOGL;01/10/2023;88,42;30467760;85,98;88,67;85,83
GOOGL;01/06/2023;87,34;41381500;86,79;87,69;84,86
AMZN;11/08/2023;142,08;44521660;142,97;143,12;1412,18
AMZN;08/01/2023;131,69;42298930;133,55;133,69;1316,19
AMZN;07/07/2023;129,78;41992250;128,59;130,97;1281,29
AMZN;10/03/2023;124,72;51564990;128,06;128,52;1242,54
AMZN;06/08/2023;124,25;62159270;123,01;125,62;1222,57
AMZN;05/12/2023;110,26;49852670;112,16;112,64;1093,18
AMZN;05/09/2023;106,62;44089360;105,48;106,79;1051,56
AMZN;05/08/2023;105,83;49430910;105,04;106,09;1047
AMZN;05/04/2023;104;45345520;104,04;105,39;1033,11
AMZN;04/05/2023;101,1;45175390;103,91;103,91;1007,5
AMZN;04/06/2023;102,06;43808020;100,75;1023,81;998
AMZN;01/20/2023;97,25;67481540;93,86;97,35;932,02
AMZN;02/24/2023;93,5;57053810;93,53;94,14;923,18
AMZN;12/23/2022;85,25;57433660;83,25;85,78;829,34
AMZN;11/20/2023;146,13;41978770;145,13;146,63;144,72
AMZN;11/30/2023;146,09;65814020;144,76;146,93;144,33
AMZN;11/17/2023;145,18;49678440;142,66;145,23;142,54
AMZN;09/13/2023;144,85;60465180;140,95;144,98;140,86
AMZN;09/01/2023;138,12;40991540;139,45;139,96;136,87
AMZN;07/18/2023;132,83;54969130;132,71;133,86;131,35
AMZN;10/16/2023;132,55;42832920;130,69;133,07;130,42
AMZN;07/03/2023;130,22;27939570;130,82;131,85;130,06
AMZN;07/21/2023;130;133307300;131,34;131,37;128,41
AMZN;06/29/2023;127,9;40760960;128,77;129,26;127,25
AMZN;07/10/2023;127,13;61889290;129,07;129,28;125,91
AMZN;06/02/2023;124,25;61264410;124,92;126,39;124,01
AMZN;05/30/2023;121,66;64314810;122,37;122,92;119,85
AMZN;05/18/2023;118,15;73174090;116,69;118,6;116,33
AMZN;02/08/2023;100,05;75878300;102,04;1026,69;98,77
AMZN;04/12/2023;97,83;56735010;100,4;100,51;97,7
AMZN;03/17/2023;98,95;87300240;99,79;100,66;97,45
AMZN;03/10/2023;90,73;69827490;92,67;93,57;90,24
AMZN;01/03/2023;85,82;76706040;85,46;86,96;84,2
AMZN;11/27/2023;147,73;53762430;147,53;149,26;146,88
AMZN;11/29/2023;146,32;40610910;147,85;148,54;145,97
AMZN;12/01/2023;147,03;39951830;146;147,24;145,55
AMZN;11/28/2023;147,03;42711680;146,98;1475,99;145,53
AMZN;12/08/2023;147,42;41905970;145,48;147,84;145,4
AMZN;12/07/2023;146,88;52352830;146,15;147,92;145,34
AMZN;11/24/2023;146,74;22378380;146,7;147,2;145,32
AMZN;11/14/2023;145,8;56674550;145;147,26;144,68
AMZN;11/22/2023;146,71;45700000;144,57;147,74;144,57
AMZN;12/06/2023;144,52;39678960;147,58;147,85;144,28
AMZN;12/05/2023;146,88;46822410;143,55;148,57;143,13
AMZN;09/14/2023;144,72;64033610;145,08;145,86;142,95
AMZN;12/04/2023;144,84;48294240;145,25;145,35;142,81
AMZN;11/15/2023;143,2;63875720;147,06;147,29;142,59
AMZN;11/21/2023;143,9;71225990;143,91;144,05;141,5
AMZN;11/13/2023;142,59;35680570;142,08;143,23;140,67
AMZN;09/12/2023;141,23;42668450;142,32;143;140,61
AMZN;11/07/2023;142,71;53553540;140,55;143,37;140,5
AMZN;09/15/2023;140,39;102909300;142,69;143,57;140,09
AMZN;11/10/2023;143,56;49349940;140,46;143,65;139,91
AMZN;11/09/2023;140,6;36235370;142,02;142,65;139,84
AMZN;11/16/2023;142,83;49653510;140,91;143,32;139,52
AMZN;08/04/2023;139,57;153128500;141,06;143,63;139,32
AMZN;09/18/2023;139,98;42823480;140,48;141,75;139,22
AMZN;08/07/2023;142,22;71213110;140,99;142,54;138,95
AMZN;09/11/2023;143,1;56764530;138,75;143,62;138,64
AMZN;08/08/2023;139,94;51710500;140,62;140,84;138,42
AMZN;11/06/2023;139,74;44970420;138,76;140,73;138,36
AMZN;08/14/2023;140,57;47148700;138,3;140,59;137,75
AMZN;08/10/2023;138,56;58928400;139,07;140,41;137,49
AMZN;11/03/2023;138,6;44059810;138,99;139,49;137,45
AMZN;08/15/2023;137,67;42781520;140,05;1412,77;137,23
AMZN;08/09/2023;137,85;50017350;139,97;140,32;137,1
AMZN;08/11/2023;138,41;42905830;137,4;139,33;137
AMZN;09/08/2023;138,23;38365930;136,86;1388,51;136,75
AMZN;11/02/2023;138,07;52236690;138,73;138,81;136,47
AMZN;09/05/2023;137,27;40636740;137,73;137,8;135,82
AMZN;09/19/2023;137,63;61482470;138,7;138,84;135,56
AMZN;09/20/2023;135,29;46263720;138,55;139,37;135,2
AMZN;08/16/2023;135,07;41675900;137,19;137,27;135,01
AMZN;08/31/2023;138,01;58781310;135,06;1387,88;135
AMZN;09/06/2023;135,36;41785510;136,32;137,45;134,61
AMZN;07/14/2023;134,68;54487090;134,06;136,65;134,06
AMZN;08/30/2023;135,07;36137020;134,93;135,68;133,92
AMZN;08/22/2023;134,25;32935100;135,08;135,65;133,73
AMZN;11/01/2023;137;61529410;133,96;137,35;133,71
AMZN;08/17/2023;133,98;48354090;135,46;136,08;133,53
AMZN;08/29/2023;134,91;38646090;133,38;135,14;133,25
AMZN;08/23/2023;135,52;42801040;134,5;135,95;133,22
AMZN;07/17/2023;133,56;48450200;134,56;135,62;133,21
AMZN;09/07/2023;137,85;48498910;133,9;138,03;133,16
AMZN;08/21/2023;134,68;41442480;133,74;135,18;132,71
AMZN;07/13/2023;134,3;61170880;134,04;134,67;132,71
AMZN;07/19/2023;135,36;54531040;133,39;135,99;132,53
AMZN;07/31/2023;133,68;41901520;133,2;133,87;132,38
AMZN;08/28/2023;133,14;34108410;133,78;133,95;131,85
AMZN;08/24/2023;131,84;43646250;136,4;136,77;131,83
AMZN;10/31/2023;133,09;51589380;132,75;133,57;131,71
AMZN;10/12/2023;132,33;55528580;132,17;134,48;131,23
AMZN;08/18/2023;133,22;48497700;131,62;134,06;131,15
AMZN;08/25/2023;133,26;44147450;132,47;133,87;130,58
AMZN;07/05/2023;130,38;35895410;130,24;131,4;129,64
AMZN;10/11/2023;131,83;40741840;129,74;132,05;129,61
AMZN;07/20/2023;129,96;59820580;134,07;1347,91;129,33
AMZN;07/28/2023;132,21;46317380;129,69;133,01;129,33
AMZN;09/21/2023;129,33;70343340;131,94;132,24;129,31
AMZN;10/13/2023;129,79;45824690;132,98;1333,14;128,95
AMZN;06/30/2023;130,36;54350680;129,47;131,24;128,95
AMZN;07/12/2023;130,8;54022850;130,31;131,26;128,83
AMZN;09/25/2023;131,27;46017830;129,36;131,78;128,77
AMZN;10/17/2023;131,47;49344550;130,39;132,58;128,71
AMZN;10/30/2023;132,71;72485540;129,72;133;128,56
AMZN;07/25/2023;129,13;39236660;129,31;129,58;128,53
AMZN;09/22/2023;129,12;59904350;131,11;132,03;128,52
AMZN;06/28/2023;129,04;52149510;128,94;131,48;128,44
AMZN;07/24/2023;128,8;45671540;130,3;131,66;128,35
AMZN;06/23/2023;129,33;71927780;129,11;130,84;128,28
AMZN;10/10/2023;129,48;42178620;128,82;130,74;128,05
AMZN;07/27/2023;128,25;52610660;131;132,63;127,79
AMZN;06/27/2023;129,18;46801010;128,63;130,08;127,55
AMZN;10/18/2023;128,13;42699480;129,9;1306,69;127,51
AMZN;10/19/2023;128,4;60961360;130,56;132,24;127,47
AMZN;07/06/2023;128,36;40697850;128,25;128,73;127,37
AMZN;07/11/2023;128,78;49951460;127,75;129,77;127,35
AMZN;06/26/2023;127,33;59989320;129,33;131,49;127,1
AMZN;08/02/2023;128,21;51027610;130,15;130,23;126,82
AMZN;10/02/2023;129,46;48029740;127,28;130,47;126,54
AMZN;08/03/2023;128,91;91163740;127,48;129,84;126,41
AMZN;10/24/2023;128,56;46477360;127,74;128,8;126,34
AMZN;09/29/2023;127,12;62411730;128,2;129,15;126,32
AMZN;07/26/2023;128,15;53910090;126,51;129,08;126,11
AMZN;10/04/2023;127;44203870;126,06;127,36;125,68
AMZN;10/27/2023;127,74;125309300;126,2;130,02;125,52
AMZN;06/16/2023;125,49;84247100;127,71;127,9;125,3
AMZN;09/26/2023;125,98;73048210;130,12;130,39;125,28
AMZN;06/13/2023;126,66;50564790;128,12;128,41;125,18
AMZN;06/22/2023;130,15;90354570;125,31;130,33;125,14
AMZN;06/06/2023;126,61;45695210;125,07;127,4;125
AMZN;10/20/2023;125,17;56406410;128,05;128,17;124,97
AMZN;10/09/2023;128,26;38773740;126,22;128,79;124,76
AMZN;06/20/2023;125,78;56930120;124,97;127,25;124,5
AMZN;10/05/2023;125,96;39660640;126,71;126,73;124,33
AMZN;06/15/2023;127,11;60458470;125,21;127,69;124,32
AMZN;10/06/2023;127,96;46836700;124,16;128,45;124,13
AMZN;09/27/2023;125,98;66553450;125,76;127,48;124,13
AMZN;06/14/2023;126,42;52422460;126,7;126,95;124,12
AMZN;10/23/2023;126,56;48259950;124,63;127,88;123,98
AMZN;06/21/2023;124,83;52137670;125,64;126,73;123,85
AMZN;06/12/2023;126,57;51473380;124,02;126,78;123,53
AMZN;06/09/2023;123,43;51396020;124,08;125,8;123,19
AMZN;09/28/2023;125,98;54554970;124,04;1265,8;123,04
AMZN;06/05/2023;125,3;47950130;123,36;125,8;123,03
AMZN;10/25/2023;121,39;74577540;126,04;126,34;120,79
AMZN;06/07/2023;121,23;95663280;127,01;127,36;120,63
AMZN;06/01/2023;122,77;54375130;120,69;123,49;119,93
AMZN;05/31/2023;120,58;72800790;121,45;122,04;119,17
AMZN;10/26/2023;119,57;100419500;120,63;1216,39;118,35
AMZN;05/26/2023;120,11;96779890;116,04;121,5;116,02
AMZN;05/19/2023;116,25;55056310;118,16;118,31;115,7
AMZN;05/24/2023;116,75;63487940;115,35;117,34;115,02
AMZN;05/25/2023;115;66496680;116,63;116,87;114,31
AMZN;05/22/2023;115,01;70741120;116,77;116,77;114,25
AMZN;05/17/2023;115,5;65655180;114,89;115,83;114,22
AMZN;05/23/2023;114,99;67576260;114,27;117,14;113,78
AMZN;05/16/2023;113,4;71472910;111,05;1147,89;111,05
AMZN;05/11/2023;112,18;74924840;111,03;113,28;110,49
AMZN;05/15/2023;111,2;53011150;111,15;112,29;109,25
AMZN;02/02/2023;112,91;158154200;110,24;114;108,88
AMZN;05/10/2023;110,19;78627620;108,1;110,67;108,05
AMZN;04/27/2023;109,82;149961200;108,16;110,86;106,8
AMZN;04/21/2023;106,96;86774190;106,1;108,15;105,08
AMZN;04/24/2023;106,21;69575610;107,65;109,23;105,07
AMZN;04/28/2023;105,45;130715900;107,73;109,48;104,33
AMZN;04/26/2023;104,98;73803790;105,04;106,62;104,1
AMZN;05/05/2023;105,65;56951740;104,27;105,76;103,55
AMZN;05/03/2023;103,65;65051930;103,73;105,96;103,28
AMZN;04/20/2023;103,81;57696870;103,53;105,25;103,21
AMZN;02/03/2023;103,39;144374800;105,26;108,78;102,52
AMZN;04/25/2023;102,57;65026820;104,91;105,45;102,45
AMZN;04/04/2023;103,95;48662500;102,75;104,2;102,11
AMZN;03/31/2023;103,29;56750320;102,16;103,49;101,95
AMZN;05/01/2023;102,05;74728100;104,95;105,23;101,82
AMZN;04/17/2023;102,74;39919460;103,16;103,73;101,59
AMZN;04/18/2023;102,3;39790520;103,95;104,2;101,52
AMZN;04/03/2023;102,41;41135730;102,3;103,29;101,43
AMZN;04/19/2023;104,3;58398890;101,58;105,12;101,39
AMZN;02/01/2023;105,15;80450120;102,53;106,24;101,24
AMZN;05/02/2023;103,63;73469350;101,47;103,9;101,15
AMZN;01/31/2023;103,13;66527250;101,15;1033,48;101,14
AMZN;04/14/2023;102,51;51450520;102,07;1032,01;101,11
AMZN;03/30/2023;102;53633400;101,55;103,04;101,01
AMZN;02/06/2023;102,18;81945200;102,92;1039,48;100,65
AMZN;04/10/2023;102,17;37261190;100,96;102,2;99,57
AMZN;01/27/2023;102,24;87775610;99,53;103,48;99,53
AMZN;01/30/2023;100,55;70691860;101,09;101,74;99,01
AMZN;04/11/2023;99,92;60417850;100,8;101;99,01
AMZN;04/13/2023;102,4;67925140;98,95;102,57;98,71
AMZN;03/22/2023;98,7;57475370;100,45;102,1;98,61
AMZN;03/29/2023;100,25;49783280;98,69;1004,21;98,56
AMZN;02/15/2023;101,16;48053880;99,09;101,17;98,45
AMZN;02/16/2023;98,15;56339170;99,21;100,63;98,1
AMZN;02/07/2023;102,11;119501300;101,17;102,41;98,08
AMZN;03/21/2023;100,61;58597280;98,14;100,84;98
AMZN;03/23/2023;98,71;57559310;100,43;101,06;97,62
AMZN;02/09/2023;98,24;64622490;101,32;101,78;97,57
AMZN;02/14/2023;99,7;56202900;98,41;1009,2;97,52
AMZN;03/27/2023;98,04;46721300;99,07;99,34;97,08
AMZN;01/26/2023;99,22;68523560;98,23;99,49;96,92
AMZN;02/13/2023;99,54;52841460;97,85;99,68;96,91
AMZN;03/24/2023;98,13;56144800;98,06;98,3;96,4
AMZN;03/28/2023;97,24;38720050;98,11;98,44;96,29
AMZN;02/10/2023;97,61;52740130;97,56;988,16;96,23
AMZN;01/24/2023;96,32;66929450;96,93;98,09;96
AMZN;01/23/2023;97,52;76501100;97,56;97,78;95,86
AMZN;01/17/2023;96,05;72755000;98,68;98,89;95,73
AMZN;03/20/2023;97,71;62388910;98,41;98,48;95,7
AMZN;02/17/2023;97,2;60029410;97,8;97,94;95,65
AMZN;03/16/2023;100,04;84558930;95,75;100,99;95,61
AMZN;01/18/2023;95,46;79570370;97,25;99,32;95,38
AMZN;02/22/2023;95,79;59534090;95,1;97,01;94,8
AMZN;02/21/2023;94,58;56580360;95,33;95,6;94,27
AMZN;01/13/2023;98,12;85549430;94,18;98,37;94,12
AMZN;03/06/2023;93,75;52112360;95,19;96,54;93,74
AMZN;02/23/2023;95,82;48466990;96,12;96,43;93,67
AMZN;01/12/2023;95,27;85254780;96,93;97,19;93,5
AMZN;02/27/2023;93,76;47470320;94,28;94,78;93,14
AMZN;03/15/2023;96,2;70731790;93,22;96,67;93,07
AMZN;02/28/2023;94,23;43959290;93,14;94,69;92,92
AMZN;01/19/2023;93,68;69002660;94,74;95,44;92,86
AMZN;03/07/2023;93,55;49100670;94,06;95,09;92,78
AMZN;03/14/2023;94,88;60912670;93,83;95,07;92,71
AMZN;03/03/2023;94,9;55759610;92,74;94,94;92,66
AMZN;03/08/2023;93,92;44899130;93,6;94,16;92,18
AMZN;03/09/2023;92,25;56218710;93,68;96,21;92,18
AMZN;03/01/2023;92,17;52299520;93,87;94,68;91,59
AMZN;01/25/2023;97,18;94261570;92,56;97,24;91,52
AMZN;01/11/2023;95,09;103126200;90,93;95,26;90,93
AMZN;12/13/2022;92,49;100212000;95,23;96,25;90,52
AMZN;03/02/2023;92,13;55574820;91,41;92,23;90,39
AMZN;12/14/2022;91,58;70298010;92,5;934,58;89,87
AMZN;03/13/2023;92,43;72397050;89,97;94,02;88,12
AMZN;12/12/2022;90,55;61999760;89,21;90,58;87,87
AMZN;12/15/2022;88,45;84802880;89,89;89,97;87,47
AMZN;01/10/2023;89,87;67756600;87,57;90,18;87,29
AMZN;01/09/2023;87,36;65266060;87,46;89,48;87,08
AMZN;12/16/2022;87,86;146144100;88,26;89,35;86,73
AMZN;12/21/2022;86,77;59267160;86,17;87,22;85,21
AMZN;12/19/2022;84,92;83531460;87,51;87,63;84,51
AMZN;12/20/2022;85,19;74348300;85,33;86,61;84,33
AMZN;01/04/2023;85,14;68885120;86,55;86,98;83,36
AMZN;01/05/2023;83,12;67930830;85,33;85,42;83,07
AMZN;12/27/2022;83,04;57284040;84,97;85,35;83
AMZN;12/29/2022;84,18;54995900;82,87;84,55;82,55
AMZN;12/30/2022;84;62401190;83,12;84,05;82,47
AMZN;12/22/2022;83,79;81431310;85,52;85,68;82,25
AMZN;12/28/2022;81,82;58228580;82,8;83,48;81,69
AMZN;01/06/2023;86,08;83303360;83,03;86,4;81,43
